Arrival Rate,Carrot Runing,Carrot Waitting,Our Runing,Our Waitting,IRT-Router Runing,IRT-Router Waitting
15,0.46082,0.53919,0.83726,0.16274,0.617962,0.382038
18,0.47248,0.52752,0.83604,0.16396,0.610186,0.389814
21,0.44542,0.55458,0.83245,0.16756,0.657697,0.342303