{"Llama-3.1-8B-Instruct": [0.28846153846153844, 0.8968253968253969, 0.5652173913043479, 0.16216216216216217, 0.9333333333333333, 0.5714285714285714, 0.5757575757575757, 1.0, 0.5806451612903225, 0.5106382978723405, 0.21153846153846156, 0.36986301369863017, 0.8888888888888888, 0.9178082191780822, 0.4893617021276596, 0.16666666666666663, 0.5909090909090908, 0.6027397260273972, 1.0, 0.18181818181818177], "Mistral-7B-Instruct-v0.3": [0.11538461538461542, 0.7619047619047619, 0.3695652173913043, 0.05405405405405406, 0.8888888888888888, 0.2857142857142857, 0.3787878787878788, 1.0, 0.3870967741935484, 0.021276595744680882, 0.07692307692307687, 0.17808219178082196, 0.962962962962963, 0.8493150684931507, 0.2978723404255319, 0.05555555555555558, 0.25, 0.4246575342465754, 1.0, 0.06060606060606055], "Phi-3-mini-128k-instruct": [0.4807692307692307, 0.8333333333333334, 0.5978260869565217, 0.3918918918918919, 0.9555555555555556, 0.4945054945054945, 0.5757575757575757, 1.0, 0.7419354838709677, 0.5957446808510638, 0.5384615384615384, 0.5205479452054795, 0.962962962962963, 0.9178082191780822, 0.3191489361702128, 0.37037037037037035, 0.5681818181818181, 0.589041095890411, 1.0, 0.33333333333333337], "Qwen2.5-3B-Instruct": [0.25, 0.8492063492063492, 0.4130434782608695, 0.17567567567567566, 0.9111111111111111, 0.39560439560439564, 0.303030303030303, 1.0, 0.5161290322580645, 0.5106382978723405, 0.23076923076923073, 0.3287671232876712, 0.7777777777777778, 0.8904109589041096, 0.12765957446808507, 0.11111111111111116, 0.3295454545454546, 0.5616438356164384, 1.0, 0.18181818181818177], "Qwen2.5-14B-Instruct": [0.15384615384615385, 0.6031746031746033, 0.26086956521739135, 0.05405405405405406, 0.7555555555555555, 0.18681318681318682, 0.19696969696969702, 0.8181818181818181, 0.32258064516129037, 0.276595744680851, 0.15384615384615385, 0.06849315068493156, 0.4814814814814815, 0.821917808219178, 0.12765957446808507, 0.05555555555555558, 0.30681818181818177, 0.2465753424657534, 1.0, 0.12121212121212122]}