Metric,MAE,RMSE,R2
TTFT (log),0.3582619290484207,0.6335315972997125,0.7984329603506788
TPOT (log),0.2955464663426245,0.38007993456228445,0.8028401830532933
TTFT (orig),0.11506590699125083,0.5281134966072221,0.4131376818201
TPOT (orig),0.0035755428890057316,0.006053925516775992,0.6613914017911706
